Datetime,Water Level (m)
2025-04-20 18:00:00,-0.058796782
2025-04-20 19:00:00,0.032512564
2025-04-20 20:00:00,0.054694276
2025-04-20 21:00:00,0.002062098
2025-04-20 22:00:00,-0.109133705
2025-04-20 23:00:00,-0.24452704
2025-04-21 00:00:00,-0.36806777
2025-04-21 01:00:00,-0.45378757
2025-04-21 02:00:00,-0.49114084
2025-04-21 03:00:00,-0.4321807
2025-04-21 04:00:00,-0.30191898
2025-04-21 05:00:00,-0.12743995
2025-04-21 06:00:00,0.0566187
2025-04-21 07:00:00,0.23573346
2025-04-21 08:00:00,0.35065863
2025-04-21 09:00:00,0.37587473
2025-04-21 10:00:00,0.31105438
2025-04-21 11:00:00,0.18382218
2025-04-21 12:00:00,0.0054716268
2025-04-21 13:00:00,-0.19076793
2025-04-21 14:00:00,-0.34873414
2025-04-21 15:00:00,-0.47040537
2025-04-21 16:00:00,-0.48858348
2025-04-21 17:00:00,-0.41958958
2025-04-21 18:00:00,-0.30338776
2025-04-21 19:00:00,-0.14491633
2025-04-21 20:00:00,0.004118347
2025-04-21 21:00:00,0.09231401
2025-04-21 22:00:00,0.09732183
2025-04-21 23:00:00,0.034732472
2025-04-22 00:00:00,-0.076014794
2025-04-22 01:00:00,-0.22313929
2025-04-22 02:00:00,-0.37409282
2025-04-22 03:00:00,-0.46633714
2025-04-22 04:00:00,-0.47084463
2025-04-22 05:00:00,-0.39628476
2025-04-22 06:00:00,-0.24212916
2025-04-22 07:00:00,-0.02509812
2025-04-22 08:00:00,0.19961427
2025-04-22 09:00:00,0.37042782
2025-04-22 10:00:00,0.45162457
2025-04-22 11:00:00,0.4246999
2025-04-22 12:00:00,0.30108172
2025-04-22 13:00:00,0.092191935
2025-04-22 14:00:00,-0.15692379
2025-04-22 15:00:00,-0.40202785
2025-04-22 16:00:00,-0.5696216
2025-04-22 17:00:00,-0.6242837
2025-04-22 18:00:00,-0.5616784
2025-04-22 19:00:00,-0.38950646
2025-04-22 20:00:00,-0.15276633
2025-04-22 21:00:00,0.08545954
2025-04-22 22:00:00,0.25010508
2025-04-22 23:00:00,0.31055984
2025-04-23 00:00:00,0.26338091
2025-04-23 01:00:00,0.11896377
2025-04-23 02:00:00,-0.09595746
2025-04-23 03:00:00,-0.3247043
2025-04-23 04:00:00,-0.49477732
2025-04-23 05:00:00,-0.56786877
2025-04-23 06:00:00,-0.51350886
2025-04-23 07:00:00,-0.32814664
2025-04-23 08:00:00,-0.037573405
2025-04-23 09:00:00,0.27957103
2025-04-23 10:00:00,0.5022253
2025-04-23 11:00:00,0.6068323
2025-04-23 12:00:00,0.5867659
2025-04-23 13:00:00,0.4124811
2025-04-23 14:00:00,0.13763405
2025-04-23 15:00:00,-0.19893584
2025-04-23 16:00:00,-0.50550705
2025-04-23 17:00:00,-0.7237228
2025-04-23 18:00:00,-0.78780913
2025-04-23 19:00:00,-0.68160826
2025-04-23 20:00:00,-0.42205638
2025-04-23 21:00:00,-0.09002049
2025-04-23 22:00:00,0.24089876
2025-04-23 23:00:00,0.46642795
2025-04-24 00:00:00,0.54979444
2025-04-24 01:00:00,0.48065904
2025-04-24 02:00:00,0.25888455
2025-04-24 03:00:00,-0.058280908
2025-04-24 04:00:00,-0.39238012
2025-04-24 05:00:00,-0.6519988
2025-04-24 06:00:00,-0.7536865
2025-04-24 07:00:00,-0.6810674
2025-04-24 08:00:00,-0.43347064
2025-04-24 09:00:00,-0.06577984
2025-04-24 10:00:00,0.32462192
2025-04-24 11:00:00,0.62099874
2025-04-24 12:00:00,0.7568085
2025-04-24 13:00:00,0.70434505
2025-04-24 14:00:00,0.45621803
2025-04-24 15:00:00,0.07637489
2025-04-24 16:00:00,-0.35724446
2025-04-24 17:00:00,-0.7262596
2025-04-24 18:00:00,-0.94882864
2025-04-24 19:00:00,-0.9686561
2025-04-24 20:00:00,-0.76846266
2025-04-24 21:00:00,-0.39128715
2025-04-24 22:00:00,0.06026162
2025-04-24 23:00:00,0.46712813
2025-04-25 00:00:00,0.73078156
2025-04-25 01:00:00,0.80012345
2025-04-25 02:00:00,0.6492509
2025-04-25 03:00:00,0.32775795
2025-04-25 04:00:00,-0.08837962
2025-04-25 05:00:00,-0.50980586
2025-04-25 06:00:00,-0.81482166
2025-04-25 07:00:00,-0.9068352
2025-04-25 08:00:00,-0.7757132
2025-04-25 09:00:00,-0.4349429
2025-04-25 10:00:00,0.020097764
2025-04-25 11:00:00,0.47342154
2025-04-25 12:00:00,0.7884661
2025-04-25 13:00:00,0.8943657
2025-04-25 14:00:00,0.7722918
2025-04-25 15:00:00,0.43070298
2025-04-25 16:00:00,-0.037993234
2025-04-25 17:00:00,-0.54388547
2025-04-25 18:00:00,-0.94722027
2025-04-25 19:00:00,-1.1520356
2025-04-25 20:00:00,-1.0813407
2025-04-25 21:00:00,-0.7697351
2025-04-25 22:00:00,-0.26509243
2025-04-25 23:00:00,0.27305326
2025-04-26 00:00:00,0.72349197
2025-04-26 01:00:00,0.97042334
2025-04-26 02:00:00,0.97236496
2025-04-26 03:00:00,0.7326962
2025-04-26 04:00:00,0.2985809
2025-04-26 05:00:00,-0.20476155
2025-04-26 06:00:00,-0.68135196
2025-04-26 07:00:00,-0.9809755
2025-04-26 08:00:00,-1.0358031
2025-04-26 09:00:00,-0.8191474
2025-04-26 10:00:00,-0.38990515
2025-04-26 11:00:00,0.14025603
2025-04-26 12:00:00,0.62594116
2025-04-26 13:00:00,0.9184729
2025-04-26 14:00:00,0.96627873
2025-04-26 15:00:00,0.74884313
2025-04-26 16:00:00,0.29966295
2025-04-26 17:00:00,-0.23059782
2025-04-26 18:00:00,-0.7808821
